{"count":1,"self":6.8110615999999995,"total":7.1308751,"children":{"InitializeActuators":{"count":14,"self":0.0030098,"total":0.0030098,"children":null},"InitializeSensors":{"count":14,"self":0.0019947999999999997,"total":0.0019947999999999997,"children":null},"AgentSendState":{"count":51,"self":0.0256581,"total":0.0569664,"children":{"CollectObservations":{"count":357,"self":0.0009961,"total":0.0009961,"children":null},"WriteActionMask":{"count":357,"self":0.0020174999999999998,"total":0.0020174999999999998,"children":null},"RequestDecision":{"count":357,"self":0.013929899999999999,"total":0.0282947,"children":{"AgentInfo.ToProto":{"count":357,"self":0.0050542999999999994,"total":0.014364799999999999,"children":{"GenerateSensorData":{"count":357,"self":0.007293,"total":0.0093105,"children":{"RayPerceptionSensor.Perceive":{"count":357,"self":0.0020174999999999998,"total":0.0020174999999999998,"children":null}}}}}}}}},"DecideAction":{"count":51,"self":0.1992388,"total":0.1992388,"children":null},"AgentAct":{"count":51,"self":0.058603499999999996,"total":0.058603499999999996,"children":null}},"gauges":{},"metadata":{"timer_format_version":"0.1.0","start_time_seconds":"1725025484","unity_version":"2022.3.36f1","command_line_arguments":"C:\\Program Files\\2022.3.36f1\\Editor\\Unity.exe -projectpath C:\\Users\\Lior\\Documents\\UnityProjects\\AIRace\\AiRaceUnity -useHub -hubIPC -cloudEnvironment production -licensingIpc LicenseClient-Lior -hubSessionId 1b4dd154-39e2-4126-8c2f-daa9b5ab3b42 -accessToken ML6ILakBPu_TS57tSXWb3rkcEMYJxC_WT0jFlulMaAE011f","communication_protocol_version":"1.5.0","com.unity.ml-agents_version":"2.0.1","scene_name":"CarTester","end_time_seconds":"1725025491"}}