{"count":1,"self":4092.8858112,"total":9554.5579489,"children":{"InitializeActuators":{"count":1,"self":0.0019947,"total":0.0019947,"children":null},"InitializeSensors":{"count":1,"self":0.002992,"total":0.002992,"children":null},"AgentSendState":{"count":5299834,"self":146.612352,"total":213.4000979,"children":{"CollectObservations":{"count":1059967,"self":9.661844799999999,"total":9.6618446,"children":null},"WriteActionMask":{"count":1059967,"self":3.3450438,"total":3.3450438,"children":null},"RequestDecision":{"count":1059967,"self":12.055929599999999,"total":53.780859199999995,"children":{"AgentInfo.ToProto":{"count":1059967,"self":10.4974096,"total":41.724929499999995,"children":{"GenerateSensorData":{"count":1059967,"self":25.6887072,"total":31.227519599999997,"children":{"RayPerceptionSensor.Perceive":{"count":1059967,"self":5.5388128,"total":5.5388129999999993,"children":null}}}}}}}}},"DecideAction":{"count":5299834,"self":5221.15072,"total":5221.1508620999994,"children":null},"AgentAct":{"count":5299834,"self":27.1016256,"total":27.101624899999997,"children":null},"AgentInfo.ToProto":{"count":470,"self":0.0070038999999999995,"total":0.014753299999999999,"children":{"GenerateSensorData":{"count":470,"self":0.0057551999999999994,"total":0.0077494,"children":{"RayPerceptionSensor.Perceive":{"count":470,"self":0.0019942,"total":0.0019942,"children":null}}}}}},"gauges":{"CarModel.CumulativeReward":{"count":470,"max":720,"min":-37.7604446,"runningAverage":654.3532,"value":516.254639,"weightedAverage":650.689331}},"metadata":{"timer_format_version":"0.1.0","start_time_seconds":"1725606877","unity_version":"2022.3.36f1","command_line_arguments":"C:\\Program Files\\2022.3.36f1\\Editor\\Unity.exe -projectpath C:\\Users\\Lior\\Documents\\UnityProjects\\AIRace\\AiRaceUnity -useHub -hubIPC -cloudEnvironment production -licensingIpc LicenseClient-Lior -hubSessionId 1b4dd154-39e2-4126-8c2f-daa9b5ab3b42 -accessToken VF_TQ0qJRvLpfW9NH2tKo1DB_I9G5nKuRZQpraXJONU011f","communication_protocol_version":"1.5.0","com.unity.ml-agents_version":"2.0.1","scene_name":"CarTester","end_time_seconds":"1725616432"}}