{"count":1,"self":951.4841088,"total":2344.8232568999997,"children":{"InitializeActuators":{"count":1,"self":0.0019942,"total":0.0019942,"children":null},"InitializeSensors":{"count":1,"self":0.0029613,"total":0.0029613,"children":null},"AgentSendState":{"count":800517,"self":32.386243199999996,"total":49.620248499999995,"children":{"CollectObservations":{"count":266839,"self":2.4385559999999997,"total":2.4385561,"children":null},"WriteActionMask":{"count":266839,"self":0.8944799,"total":0.8944799,"children":null},"RequestDecision":{"count":266839,"self":3.072088,"total":13.9009694,"children":{"AgentInfo.ToProto":{"count":266839,"self":2.6612267999999997,"total":10.8288815,"children":{"GenerateSensorData":{"count":266839,"self":6.6560244,"total":8.1676548,"children":{"RayPerceptionSensor.Perceive":{"count":266839,"self":1.5116303,"total":1.5116303,"children":null}}}}}}}}},"DecideAction":{"count":800517,"self":1339.3763328,"total":1339.3763342999998,"children":null},"AgentAct":{"count":800517,"self":4.3306575999999994,"total":4.3306575,"children":null},"AgentInfo.ToProto":{"count":176,"self":0.0039892999999999994,"total":0.0069462,"children":{"GenerateSensorData":{"count":176,"self":0.0019928999999999997,"total":0.0029568999999999997,"children":{"RayPerceptionSensor.Perceive":{"count":176,"self":0.0009639999999999999,"total":0.0009639999999999999,"children":null}}}}}},"gauges":{"CarModel.CumulativeReward":{"count":176,"max":200.9571,"min":-6.95999146,"runningAverage":165.405991,"value":143.858063,"weightedAverage":162.070816}},"metadata":{"timer_format_version":"0.1.0","start_time_seconds":"1725436423","unity_version":"2022.3.36f1","command_line_arguments":"C:\\Program Files\\2022.3.36f1\\Editor\\Unity.exe -projectpath C:\\Users\\Lior\\Documents\\UnityProjects\\AIRace\\AiRaceUnity -useHub -hubIPC -cloudEnvironment production -licensingIpc LicenseClient-Lior -hubSessionId 1b4dd154-39e2-4126-8c2f-daa9b5ab3b42 -accessToken VF_TQ0qJRvLpfW9NH2tKo1DB_I9G5nKuRZQpraXJONU011f","communication_protocol_version":"1.5.0","com.unity.ml-agents_version":"2.0.1","scene_name":"CarTester","end_time_seconds":"1725438768"}}