{
    "name": "root",
    "metadata": {
        "timer_format_version": "0.1.0",
        "start_time_seconds": "1725095092",
        "python_version": "3.7.9 (tags/v3.7.9:13c94747c7, Aug 17 2020, 18:58:18) [MSC v.1900 64 bit (AMD64)]",
        "command_line_arguments": "C:\\Users\\Lior\\Documents\\UnityProjects\\AIRace\\AiRaceUnity\\venv\\Scripts\\mlagents-learn --run-id=10 --force",
        "mlagents_version": "0.29.0",
        "mlagents_envs_version": "0.29.0",
        "communication_protocol_version": "1.5.0",
        "pytorch_version": "1.7.0+cu110",
        "numpy_version": "1.21.6",
        "end_time_seconds": "1725095144"
    },
    "total": 51.6400887,
    "count": 1,
    "self": 0.004615499999999884,
    "children": {
        "run_training.setup": {
            "total": 0.0849591999999999,
            "count": 1,
            "self": 0.0849591999999999
        },
        "TrainerController.start_learning": {
            "total": 51.550514,
            "count": 1,
            "self": 0.007680600000007587,
            "children": {
                "TrainerController._reset_env": {
                    "total": 8.104322799999998,
                    "count": 1,
                    "self": 8.104322799999998
                },
                "TrainerController.advance": {
                    "total": 43.3527723,
                    "count": 334,
                    "self": 0.007573599999986413,
                    "children": {
                        "env_step": {
                            "total": 43.14581660000001,
                            "count": 334,
                            "self": 42.59873020000003,
                            "children": {
                                "SubprocessEnvManager._take_step": {
                                    "total": 0.5428398000000101,
                                    "count": 334,
                                    "self": 0.01800779999998703,
                                    "children": {
                                        "TorchPolicy.evaluate": {
                                            "total": 0.5248320000000231,
                                            "count": 334,
                                            "self": 0.09587890000002908,
                                            "children": {
                                                "TorchPolicy.sample_actions": {
                                                    "total": 0.428953099999994,
                                                    "count": 334,
                                                    "self": 0.428953099999994
                                                }
                                            }
                                        }
                                    }
                                },
                                "workers": {
                                    "total": 0.004246599999973455,
                                    "count": 333,
                                    "self": 0.0,
                                    "children": {
                                        "worker_root": {
                                            "total": 3.5952157999999823,
                                            "count": 333,
                                            "is_parallel": true,
                                            "self": 1.1373450999999672,
                                            "children": {
                                                "steps_from_proto": {
                                                    "total": 0.0004813999999999652,
                                                    "count": 1,
                                                    "is_parallel": true,
                                                    "self": 0.000226100000000784,
                                                    "children": {
                                                        "_process_rank_one_or_two_observation": {
                                                            "total": 0.0002552999999991812,
                                                            "count": 4,
                                                            "is_parallel": true,
                                                            "self": 0.0002552999999991812
                                                        }
                                                    }
                                                },
                                                "UnityEnvironment.step": {
                                                    "total": 2.457389300000015,
                                                    "count": 333,
                                                    "is_parallel": true,
                                                    "self": 0.03786620000001584,
                                                    "children": {
                                                        "UnityEnvironment._generate_step_input": {
                                                            "total": 0.049469899999991185,
                                                            "count": 333,
                                                            "is_parallel": true,
                                                            "self": 0.049469899999991185
                                                        },
                                                        "communicator.exchange": {
                                                            "total": 2.2400481000000063,
                                                            "count": 333,
                                                            "is_parallel": true,
                                                            "self": 2.2400481000000063
                                                        },
                                                        "steps_from_proto": {
                                                            "total": 0.13000510000000176,
                                                            "count": 333,
                                                            "is_parallel": true,
                                                            "self": 0.06631090000004036,
                                                            "children": {
                                                                "_process_rank_one_or_two_observation": {
                                                                    "total": 0.0636941999999614,
                                                                    "count": 1332,
                                                                    "is_parallel": true,
                                                                    "self": 0.0636941999999614
                                                                }
                                                            }
                                                        }
                                                    }
                                                }
                                            }
                                        }
                                    }
                                }
                            }
                        },
                        "trainer_advance": {
                            "total": 0.19938209999999756,
                            "count": 333,
                            "self": 0.008453599999990402,
                            "children": {
                                "process_trajectory": {
                                    "total": 0.19092850000000716,
                                    "count": 333,
                                    "self": 0.19092850000000716
                                }
                            }
                        }
                    }
                },