{
    "name": "root",
    "gauges": {
        "DriveTrack.Policy.Entropy.mean": {
            "value": 1.4094939231872559,
            "min": 1.4094939231872559,
            "max": 1.427549123764038,
            "count": 10
        },
        "DriveTrack.Policy.Entropy.sum": {
            "value": 70542.3515625,
            "min": 70500.1015625,
            "max": 71354.6171875,
            "count": 10
        },
        "DriveTrack.Step.mean": {
            "value": 499995.0,
            "min": 49984.0,
            "max": 499995.0,
            "count": 10
        },
        "DriveTrack.Step.sum": {
            "value": 499995.0,
            "min": 49984.0,
            "max": 499995.0,
            "count": 10
        },
        "DriveTrack.Policy.ExtrinsicValueEstimate.mean": {
            "value": -0.12583376467227936,
            "min": -40.29762649536133,
            "max": -0.12583376467227936,
            "count": 10
        },
        "DriveTrack.Policy.ExtrinsicValueEstimate.sum": {
            "value": -98.4020004272461,
            "min": -31472.4453125,
            "max": -98.4020004272461,
            "count": 10
        },
        "DriveTrack.Losses.PolicyLoss.mean": {
            "value": 0.025810939817844582,
            "min": 0.022162562524899836,
            "max": 0.10680411950258227,
            "count": 10
        },
        "DriveTrack.Losses.PolicyLoss.sum": {
            "value": 0.1290546990892229,
            "min": 0.09855914197396487,
            "max": 0.4272164780103291,
            "count": 10
        },
        "DriveTrack.Losses.ValueLoss.mean": {
            "value": 0.002564742223670085,
            "min": 0.002564742223670085,
            "max": 9.722969394922256,
            "count": 10
        },
        "DriveTrack.Losses.ValueLoss.sum": {
            "value": 0.012823711118350425,
            "min": 0.012823711118350425,
            "max": 38.89187757968902,
            "count": 10
        },
        "DriveTrack.Policy.LearningRate.mean": {
            "value": 1.56318947894e-05,
            "min": 1.56318947894e-05,
            "max": 0.000284544005152,
            "count": 10
        },
        "DriveTrack.Policy.LearningRate.sum": {
            "value": 7.815947394700001e-05,
            "min": 7.815947394700001e-05,
            "max": 0.0012836160721279995,
            "count": 10
        },
        "DriveTrack.Policy.Epsilon.mean": {
            "value": 0.1052106,
            "min": 0.1052106,
            "max": 0.19484800000000002,
            "count": 10
        },
        "DriveTrack.Policy.Epsilon.sum": {
            "value": 0.526053,
            "min": 0.526053,
            "max": 0.927872,
            "count": 10
        },
        "DriveTrack.Policy.Beta.mean": {
            "value": 0.00027000894,
            "min": 0.00027000894,
            "max": 0.0047429151999999995,
            "count": 10
        },
        "DriveTrack.Policy.Beta.sum": {
            "value": 0.0013500447,
            "min": 0.0013500447,
            "max": 0.021400812800000002,
            "count": 10
        },
        "DriveTrack.IsTraining.mean": {
            "value": 1.0,
            "min": 1.0,
            "max": 1.0,
            "count": 10
        },
        "DriveTrack.IsTraining.sum": {
            "value": 1.0,
            "min": 1.0,
            "max": 1.0,
            "count": 10
        },
        "DriveTrack.Environment.EpisodeLength.mean": {
            "value": 212570.0,
            "min": 212570.0,
            "max": 212570.0,
            "count": 1
        },
        "DriveTrack.Environment.EpisodeLength.sum": {
            "value": 212570.0,
            "min": 212570.0,
            "max": 212570.0,
            "count": 1
        },
        "DriveTrack.Environment.CumulativeReward.mean": {
            "value": 76.53587174087079,
            "min": 76.53587174087079,
            "max": 76.53587174087079,
            "count": 1
        },
        "DriveTrack.Environment.CumulativeReward.sum": {
            "value": 76.53587174087079,
            "min": 76.53587174087079,
            "max": 76.53587174087079,
            "count": 1
        },
        "DriveTrack.Policy.ExtrinsicReward.mean": {
            "value": 76.53587174087079,
            "min": 76.53587174087079,
            "max": 76.53587174087079,
            "count": 1
        },
        "DriveTrack.Policy.ExtrinsicReward.sum": {
            "value": 76.53587174087079,
            "min": 76.53587174087079,
            "max": 76.53587174087079,
            "count": 1
        }
    },
    "metadata": {
        "timer_format_version": "0.1.0",
        "start_time_seconds": "1724916450",
        "python_version": "3.7.9 (tags/v3.7.9:13c94747c7, Aug 17 2020, 18:58:18) [MSC v.1900 64 bit (AMD64)]",
        "command_line_arguments": "C:\\Users\\Lior\\Documents\\UnityProjects\\AIRace\\AiRaceUnity\\venv\\Scripts\\mlagents-learn --run-id=10 --force",
        "mlagents_version": "0.29.0",
        "mlagents_envs_version": "0.29.0",
        "communication_protocol_version": "1.5.0",
        "pytorch_version": "1.7.0+cu110",
        "numpy_version": "1.21.6",
        "end_time_seconds": "1724920176"
    },
    "total": 3725.3169868,
    "count": 1,
    "self": 0.011185600000317208,
    "children": {
        "run_training.setup": {
            "total": 0.08488089999999993,
            "count": 1,
            "self": 0.08488089999999993
        },
        "TrainerController.start_learning": {
            "total": 3725.2209202999998,
            "count": 1,
            "self": 9.978601599941612,
            "children": {
                "TrainerController._reset_env": {
                    "total": 7.2283291,
                    "count": 1,
                    "self": 7.2283291
                },
                "TrainerController.advance": {
                    "total": 3707.9715042000585,
                    "count": 500060,
                    "self": 10.54927739979712,
                    "children": {
                        "env_step": {
                            "total": 3553.296446800107,
                            "count": 500060,
                            "self": 3164.2777441000994,
                            "children": {
                                "SubprocessEnvManager._take_step": {
                                    "total": 382.42959709993534,
                                    "count": 500060,
                                    "self": 25.905811499989454,
                                    "children": {
                                        "TorchPolicy.evaluate": {
                                            "total": 356.5237855999459,
                                            "count": 500059,
                                            "self": 68.58342639993941,
                                            "children": {
                                                "TorchPolicy.sample_actions": {
                                                    "total": 287.94035920000647,
                                                    "count": 500059,
                                                    "self": 287.94035920000647
                                                }
                                            }
                                        }
                                    }
                                },
                                "workers": {
                                    "total": 6.589105600071942,
                                    "count": 500060,
                                    "self": 0.0,
                                    "children": {
                                        "worker_root": {
                                            "total": 3707.461970499892,
                                            "count": 500060,
                                            "is_parallel": true,
                                            "self": 939.0540873999485,