{
    "name": "root",
    "metadata": {
        "timer_format_version": "0.1.0",
        "start_time_seconds": "1725025374",
        "python_version": "3.7.9 (tags/v3.7.9:13c94747c7, Aug 17 2020, 18:58:18) [MSC v.1900 64 bit (AMD64)]",
        "command_line_arguments": "C:\\Users\\Lior\\Documents\\UnityProjects\\AIRace\\AiRaceUnity\\venv\\Scripts\\mlagents-learn --run-id=10 --force",
        "mlagents_version": "0.29.0",
        "mlagents_envs_version": "0.29.0",
        "communication_protocol_version": "1.5.0",
        "pytorch_version": "1.7.0+cu110",
        "numpy_version": "1.21.6",
        "end_time_seconds": "1725025457"
    },
    "total": 83.3844264,
    "count": 1,
    "self": 0.00475129999999524,
    "children": {
        "run_training.setup": {
            "total": 0.08722980000000014,
            "count": 1,
            "self": 0.08722980000000014
        },
        "TrainerController.start_learning": {
            "total": 83.2924453,
            "count": 1,
            "self": 0.03350650000002986,
            "children": {
                "TrainerController._reset_env": {
                    "total": 7.122845999999999,
                    "count": 1,
                    "self": 7.122845999999999
                },
                "TrainerController.advance": {
                    "total": 76.05837829999997,
                    "count": 1484,
                    "self": 0.033274899999895524,
                    "children": {
                        "env_step": {
                            "total": 73.14710260000001,
                            "count": 1484,
                            "self": 70.79623229999986,
                            "children": {
                                "SubprocessEnvManager._take_step": {
                                    "total": 2.3315978000001074,
                                    "count": 1484,
                                    "self": 0.07890060000008425,
                                    "children": {
                                        "TorchPolicy.evaluate": {
                                            "total": 2.252697200000023,
                                            "count": 1484,
                                            "self": 0.410729200000052,
                                            "children": {
                                                "TorchPolicy.sample_actions": {
                                                    "total": 1.8419679999999712,
                                                    "count": 1484,
                                                    "self": 1.8419679999999712
                                                }
                                            }
                                        }
                                    }
                                },
                                "workers": {
                                    "total": 0.019272500000051096,
                                    "count": 1483,
                                    "self": 0.0,
                                    "children": {
                                        "worker_root": {
                                            "total": 15.009393400000018,
                                            "count": 1483,
                                            "is_parallel": true,
                                            "self": 6.8927050000000385,
                                            "children": {
                                                "steps_from_proto": {
                                                    "total": 0.0005021000000002829,
                                                    "count": 1,
                                                    "is_parallel": true,
                                                    "self": 0.0002464999999993722,
                                                    "children": {
                                                        "_process_rank_one_or_two_observation": {
                                                            "total": 0.00025560000000091065,
                                                            "count": 4,
                                                            "is_parallel": true,
                                                            "self": 0.00025560000000091065
                                                        }
                                                    }
                                                },
                                                "UnityEnvironment.step": {
                                                    "total": 8.11618629999998,
                                                    "count": 1483,
                                                    "is_parallel": true,
                                                    "self": 0.1587567000001453,
                                                    "children": {
                                                        "UnityEnvironment._generate_step_input": {
                                                            "total": 0.19398339999990277,
                                                            "count": 1483,
                                                            "is_parallel": true,
                                                            "self": 0.19398339999990277
                                                        },
                                                        "communicator.exchange": {
                                                            "total": 7.207869699999924,
                                                            "count": 1483,
                                                            "is_parallel": true,
                                                            "self": 7.207869699999924
                                                        },
                                                        "steps_from_proto": {
                                                            "total": 0.555576500000007,
                                                            "count": 1483,
                                                            "is_parallel": true,
                                                            "self": 0.2794082999999814,
                                                            "children": {
                                                                "_process_rank_one_or_two_observation": {
                                                                    "total": 0.2761682000000256,
                                                                    "count": 5932,
                                                                    "is_parallel": true,
                                                                    "self": 0.2761682000000256
                                                                }
                                                            }
                                                        }
                                                    }
                                                }
                                            }
                                        }
                                    }
                                }
                            }
                        },
                        "trainer_advance": {
                            "total": 2.8780008000000716,
                            "count": 1483,
                            "self": 0.03976750000007456,
                            "children": {
                                "process_trajectory": {
                                    "total": 0.7051889999999954,
                                    "count": 1483,
                                    "self": 0.7051889999999954
                                },